﻿{\"Name\":\"BS - Computer Science\",\"AcademicYear\":\"2018\",\"Quarters\":[{\"Title\":\"Fall 2018\",\"Locked\":false,\"Courses\":[]}],\"UnmetRequirements\":[{\"Title\":\"CS489\",\"Credits\":\"1\",\"Offered\":\"124\"},{\"Title\":\"CS492\",\"Credits\":\"2\",\"Offered\":\"124\"},{\"Title\":\"BREADTH9\",\"Credits\":\"5\",\"Offered\":\"124\"},{\"Title\":\"CsElective4\",\"Credits\":\"4\",\"Offered\":\"124\"},{\"Title\":\"CsElective5\",\"Credits\":\"4\",\"Offered\":\"124\"},{\"Title\":\"CS481\",\"Credits\":\"4\",\"Offered\":\"1\"},{\"Title\":\"BREADTH8\",\"Credits\":\"5\",\"Offered\":\"124\"},{\"Title\":\"CsElective3\",\"Credits\":\"4\",\"Offered\":\"124\"},{\"Title\":\"UnivElective2\",\"Credits\":\"5\",\"Offered\":\"124\"},{\"Title\":\"CS480\",\"Credits\":\"4\",\"Offered\":\"4\"},{\"Title\":\"CS427\",\"Credits\":\"4\",\"Offered\":\"14\"},{\"Title\":\"UnivElective1\",\"Credits\":\"5\",\"Offered\":\"124\"},{\"Title\":\"CS 392\",\"Credits\":\"1\",\"Offered\":\"124\"},{\"Title\":\"CS380\",\"Credits\":\"4\",\"Offered\":\"2\"},{\"Title\":\"CS420\",\"Credits\":\"4\",\"Offered\":\"12\"},{\"Title\":\"CsElective2\",\"Credits\":\"4\",\"Offered\":\"124\"},{\"Title\":\"BREADTH7\",\"Credits\":\"5\",\"Offered\":\"124\"},{\"Title\":\"CS362\",\"Credits\":\"4\",\"Offered\":\"1\"},{\"Title\":\"CS470\",\"Credits\":\"4\",\"Offered\":\"1\"},{\"Title\":\"CsElective1\",\"Credits\":\"4\",\"Offered\":\"124\"},{\"Title\":\"CS361\",\"Credits\":\"4\",\"Offered\":\"4\"},{\"Title\":\"MATH330\",\"Credits\":\"5\",\"Offered\":\"24\"},{\"Title\":\"BREADTH6\",\"Credits\":\"5\",\"Offered\":\"124\"},{\"Title\":\"MATH260\",\"Credits\":\"5\",\"Offered\":\"124\"},{\"Title\":\"CS446\",\"Credits\":\"4\",\"Offered\":\"2\"},{\"Title\":\"BREADTH5\",\"Credits\":\"5\",\"Offered\":\"124\"},{\"Title\":\"CS302\",\"Credits\":\"4\",\"Offered\":\"14\"},{\"Title\":\"CS312\",\"Credits\":\"4\",\"Offered\":\"14\"},{\"Title\":\"CS325\",\"Credits\":\"3\",\"Offered\":\"124\"},{\"Title\":\"BREADTH4\",\"Credits\":\"5\",\"Offered\":\"124\"},{\"Title\":\"CS301\",\"Credits\":\"4\",\"Offered\":\"24\"},{\"Title\":\"CS311\",\"Credits\":\"4\",\"Offered\":\"24\"},{\"Title\":\"BREADTH2\",\"Credits\":\"5\",\"Offered\":\"124\"},{\"Title\":\"BREADTH3\",\"Credits\":\"5\",\"Offered\":\"124\"},{\"Title\":\"MATH172\",\"Credits\":\"5\",\"Offered\":\"124\"},{\"Title\":\"CS112\",\"Credits\":\"4\",\"Offered\":\"124\"},{\"Title\":\"BREADTH1\",\"Credits\":\"5\",\"Offered\":\"124\"},{\"Title\":\"MATH154\",\"Credits\":\"5\",\"Offered\":\"124\"},{\"Title\":\"CS111\",\"Credits\":\"4\",\"Offered\":\"12\"},{\"Title\":\"ENG102\",\"Credits\":\"5\",\"Offered\":\"124\"},{\"Title\":\"COMPUTING\",\"Credits\":\"5\",\"Offered\":\"124\"},{\"Title\":\"UNIV101\",\"Credits\":\"1\",\"Offered\":\"124\"},{\"Title\":\"MATH153\",\"Credits\":\"5\",\"Offered\":\"124\"},{\"Title\":\"ENG101\",\"Credits\":\"5\",\"Offered\":\"124\"},{\"Title\":\"CS110\",\"Credits\":\"4\",\"Offered\":\"124\"}],\"Constraints\":{\"MinCredits\":\"0\",\"MaxCredits\":\"18\",\"TakingSummer\":false}}